sentence,true label,o4-mini,o4-high,o3
"""We would fight China on trade .  Well, he didn't do it for – he's been there for like 45 years. And he didn't do it in eight years because they ate our lunch during the Obama administration.",0,1,1,0
And as a result ’ (applause) ’ we just achieved a breakthrough on  the trade deal  and we’ll be signing it very shortly.,0,0,0,0
"What is outrageous is how much of these advances are built, not just on ingenuity and hard work but on the theft of intellectual property from American companies, oftentimes through research funded by American taxpayers. They do it through cyber espionage. They do it through the forced transfer of technology, where they tell companies who do business in China, not only do you have to partner with a Chinese company, you have to give them the secrets to  their trade .  See how they are now buying up companies, buying off researchers in American universities and their research.",0,1,1,1
"It is why I have reached out to the Commerce Department and  the U.S. Trade Representatives on behalf of a number of Alabama businesses, from textiles to heating and air conditioning companies, to businesses in the energy sector, each facing their own unique crisis because of the proposed tariffs.",1,1,1,1
"Last year, with the European Union, we lost $151 billion on trade .",0,0,0,0
"He pledged to take on China "" our biggest trade rival "" and to rip up the North American Free Trade Agreement with Mexico and Canada. �� Just campaign rhetoric?",1,1,1,1
"But Mr. Clinton must make clear that if Beijing continues to try to blow past the whole issue with deliberate human rights provocations, it will be making a very big mistake. -- -- From the Los Angeles Times, Mar. 16, 1994 [FROM THE LOS ANGELES TIMES, MAR. 16, 1994] Calling Beijing's Bluff Put Universal Values Ahead of Trade (BY FANG LIZHI) China's leaders have slammed the door from the inside and, unless the United States responds now with  the revocation of most-favored-nation trade status  , Beijing will see the United States as the 'paper tiger' that Mao always said it was.",1,1,1,1
CONFRONTING  UNFAIR TRADE : President Trump is standing up for the American people and putting an end to decades of bad deals.,0,1,1,1
This first step is critical in holding China accountable for abuses in  our trade relationship .  We will see what Phase II brings.,0,0,0,0
"The negotiations are ongoing, not at the presidential level but at  the trade level , again, with Ambassador Lighthizer and Commerce Secretary Wilbur Ross and Treasury Secretary Steve Mnuchin.  Talk is the best remedy here, all right?",1,1,1,1
"DEPARTMENT OF COMMERCE INTERNATIONAL TRADE ADMINISTRATION OPERATIONS AND ADMINISTRATION For necessary expenses for international trade activities of the Department of Commerce provided for by law, and for engaging in trade promotional activities abroad, including expenses of grants and cooperative agreements for the purpose of promoting exports of United States firms, without regard to sections 3702 and 3703 of title 44, United States Code; full medical coverage for dependent members of immediate families of employees stationed overseas and employees temporarily posted overseas; travel and  transportation of employees of the International Trade Administration   between two points abroad, without regard to section 40118 of title 49, United States Code; employment of citizens of the United States and aliens by contract for services; rental of space abroad for periods not exceeding 10 years, and expenses of alteration, repair, or improvement; purchase or construction of temporary demountable exhibition structures for use abroad; payment of tort claims, in the manner authorized in the first paragraph of section 2672 of title 28, United States Code, when such claims arise in foreign countries; not to",0,0,1,1
The President is taking action on trade policy  to open markets so that American farmers can compete globally.,0,0,0,0
"China is  our No. 1 economic trade enemy , and I use the word ""enemy"" advisedly.",1,1,1,1
"But it does put pressure on  the trade deal .  If they do something negative, it puts pressure.",1,1,1,1
"It is not a question of sneakers or slave labor products or supporting  increased trade .It is a question of a dirty little secret that we are ignoring today, and that is that China is helping to build and distribute nuclear weapons around the world, and we all know it.",1,1,1,1
"I don't need to go through the litany of ways in which China has become more influential and more powerful all around the world because of this administration's policies, but at the top of that list is the abdication of the United States traditional leadership role on human rights, which has allowed the Communist Party to march on the Uighurs and others. It is  a failed trade policy  that has allowed China to extend its influence into places like Africa and throughout the Silk Road. It is America's break with Europe that has shattered our ability to negotiate together the future rules of the economic order.",1,1,1,1
"Mr. Speaker, it is the fax machine, not  the trade sanction , that freed Eastern Europe, and it is the fax machine, not the trade sanction, that will free China.",1,1,1,1
Subsidies are unfair under international rules and under  our trade laws .,0,0,0,0
"I hope to learn about the agreement in detail from   the United States Trade Representative's office , and to hear from representatives of private industry on their view of the accord. While the agreement is an important step forward, the true test will lie in its implementation; and we intend that the subcommittee will closely monitor compliance with the agreement over the coming months.",0,0,0,0
"THE PRESIDENT: When we want something to help certain countries – and, you know, it's not all about the rich countries, because the rich countries really do take advantage of us because they pay a very small percentage of their military, and they cheat on trade.",1,0,1,0